순위,카테고리,채널,구독자,조회수,비디오 개수
1,[음악/댄스/가수],BLACKPINK,"73,900,000","23,501,260,000",394
2,[음악/댄스/가수],BANGTANTV,"65,900,000","15,974,090,000","1,689"
3,[음악/댄스/가수],HYBE LABELS,"65,200,000","22,381,940,000",853
4,[음악/댄스/가수],SMTOWN,"30,300,000","24,408,450,000","3,901"
5,[키즈/어린이],Boram Tube Vlog [보람튜브 브이로그],"26,500,000","11,052,880,000",223
6,[음악/댄스/가수],1MILLION Dance Studio,"25,200,000","7,237,400,000","3,872"
7,[음악/댄스/가수],JYP Entertainment,"24,400,000","16,314,610,000","1,471"
8,[음악/댄스/가수],1theK (원더케이),"24,000,000","22,138,270,000","16,381"
9,[음악/댄스/가수],Mnet K-POP,"19,500,000","14,887,300,000","28,008"
10,[TV/방송],KBS WORLD TV,"17,800,000","13,512,560,000","56,686"
11,[음악/댄스/가수],JFlaMusic,"17,500,000","3,602,860,000",282
12,[음식/요리/레시피],Jane ASMR 제인,"16,400,000","6,167,120,000","1,447"
13,[음악/댄스/가수],officialpsy,"16,300,000","9,179,210,000",101
14,[음악/댄스/가수],BIGBANG,"14,700,000","7,173,850,000",776
15,[음악/댄스/가수],TWICE,"13,600,000","3,303,460,000",782
16,[음식/요리/레시피],Hongyu ASMR 홍유,"12,500,000","3,783,320,000",473
18,[미분류],TheWeekndVEVO,"10,600,000","14,474,720,000",132
17,[키즈/어린이],Nao FunFun,"10,600,000","4,480,000",52
19,[키즈/어린이],핑크퐁 (인기 동요・동화),"10,500,000","6,446,420,000","2,579"
20,[음악/댄스/가수],Stone Music Entertainment,"10,400,000","8,712,310,000","8,740"
21,[키즈/어린이],DuDuPopTOY,"10,300,000","4,719,200,000","2,092"
22,[키즈/어린이],Toymong tv 토이몽TV,"10,000,000","4,142,860,000","2,031"
23,[TV/방송],MBCkpop,"9,840,000","8,017,100,000","42,789"
24,[키즈/어린이],Larva TUBA,"9,660,000","4,252,630,000","2,833"
25,[음식/요리/레시피],[햄지]Hamzy,"9,460,000","2,940,590,000",417
26,[키즈/어린이],서은이야기[SeoeunStory],"9,420,000","3,244,940,000","1,071"
27,[음악/댄스/가수],Stray Kids,"9,350,000","1,731,200,000",586
28,[음악/댄스/가수],TOMORROW X TOGETHER OFFICIAL,"9,010,000","744,150,000","1,054"
29,[음악/댄스/가수],Mnet TV,"8,860,000","10,704,630,000","20,168"
30,[음악/댄스/가수],EXO,"8,790,000","615,340,000",269
31,[뉴스/정치/사회],MBCentertainment,"8,700,000","15,647,390,000","90,787"
32,[음악/댄스/가수],iKON,"8,610,000","2,264,650,000",520
33,[TV/방송],M2,"8,180,000","6,524,660,000","15,965"
34,[해외],Serie A,"8,170,000","2,888,130,000","22,714"
35,[음식/요리/레시피],쏘영 Ssoyoung,"7,990,000","912,700,000",585
36,[음식/요리/레시피],문복희 Eat with Boki,"7,720,000","1,915,110,000",560
37,[음악/댄스/가수],SEVENTEEN,"7,670,000","2,728,780,000","1,083"
38,[키즈/어린이],MariAndKids,"7,620,000","2,347,730,000",810
39,[음악/댄스/가수],이지금 [IU Official],"7,530,000","1,454,260,000",141
40,[뉴스/정치/사회],JTBC Entertainment,"7,310,000","10,746,830,000","69,944"
41,[키즈/어린이],SonicToy소닉토이,"7,290,000","3,065,180,000",166
42,[음악/댄스/가수],ITZY,"7,140,000","1,460,290,000",581
43,[음악/댄스/가수],Sungha Jung,"6,910,000","1,924,360,000","1,322"
44,[TV/방송],KBS Kpop,"6,870,000","5,566,400,000","32,802"
45,[미분류],Pixar,"6,770,000","3,439,390,000",724
46,[음악/댄스/가수],YG ENTERTAINMENT,"6,690,000","1,702,750,000",397
48,[음악/댄스/가수],ALL THE K-POP,"6,650,000","4,195,730,000","22,519"
47,[음악/댄스/가수],MAMAMOO,"6,650,000","2,004,570,000",694
49,[TV/방송],스브스케이팝 / SBS KPOP,"6,520,000","4,762,570,000","29,438"
50,[음식/요리/레시피],야미보이 Yummyboy,"6,500,000","2,469,080,000",948
51,[TV/방송],SBS Entertainment,"6,360,000","7,749,540,000","220,928"
53,[TV/방송],tvN drama,"6,200,000","6,590,660,000","41,326"
52,[키즈/어린이],미니특공대TV,"6,200,000","3,497,570,000","1,271"
54,[음악/댄스/가수],GOT7,"6,190,000","814,360,000",579
55,[회사/오피셜],Samsung,"6,130,000","1,546,620,000","1,738"
56,[TV/방송],SBS Drama,"6,080,000","6,466,560,000","342,640"
57,[음식/요리/레시피],tzuyang쯔양,"6,070,000","1,149,640,000",363
58,[키즈/어린이],[장난감티비]TOYTV,"6,020,000","2,752,490,000","1,514"
59,[패션/미용],PONY Syndrome,"5,930,000","353,000,000",207
60,[음악/댄스/가수],TREASURE (트레저),"5,800,000","1,315,020,000",463
61,[키즈/어린이],스위트티비 SweetTV,"5,610,000","2,772,480,000",521
62,[음악/댄스/가수],2NE1,"5,490,000","2,068,630,000",321
63,[음식/요리/레시피],백종원의 요리비책 Paik's Cuisine,"5,350,000","649,870,000",415
64,[음악/댄스/가수],starshipTV,"5,330,000","3,195,960,000","2,019"
65,[키즈/어린이],콩순이 · 시크릿쥬쥬 [Kongsuni · Secret Jouju],"5,230,000","4,757,450,000","1,328"
66,[BJ/인물/연예인],[Awesome Haeun]어썸하은,"5,220,000","841,910,000",521
67,[키즈/어린이],With Kids Playground [위드키즈 놀이터],"5,140,000","1,940,840,000",428
68,[키즈/어린이],베이비버스 -인기 동요・동화,"5,130,000","3,521,210,000","1,405"
69,[음악/댄스/가수],NCT,"5,090,000","463,070,000",376
70,[키즈/어린이],TOY GUMA,"5,060,000","1,675,360,000",326
71,[음악/댄스/가수],Red Velvet,"4,970,000","902,380,000",194
72,[뉴스/정치/사회],SBS NOW / SBS 공식 채널,"4,940,000","5,053,500,000","21,262"
73,[음악/댄스/가수],BT21,"4,930,000","423,480,000",233
75,[키즈/어린이],ToyMart TV,"4,890,000","2,149,790,000",652
74,[음식/요리/레시피],푸메Fume,"4,890,000","1,028,350,000",550
76,[BJ/인물/연예인],영국남자 Korean Englishman,"4,790,000","1,594,270,000",462
77,[TV/방송],KBS Entertain,"4,770,000","7,948,510,000","106,462"
78,[음악/댄스/가수],NCT DREAM,"4,710,000","640,430,000",311
79,[TV/방송],MBCdrama,"4,690,000","5,332,540,000","56,147"
81,[음악/댄스/가수],ASTRO 아스트로,"4,660,000","488,160,000",539
80,[음식/요리/레시피],떵개떵,"4,660,000","2,711,150,000","4,581"
82,[키즈/어린이],뽀로로(Pororo),"4,560,000","6,317,110,000","3,820"
83,[음악/댄스/가수],NCT 127,"4,550,000","588,840,000",316
84,[음악/댄스/가수],Rosesarerosie,"4,530,000","38,590,000",8
85,[TV/방송],JTBC Drama,"4,520,000","4,668,120,000","25,155"
86,[애완/반려동물],SBS TV동물농장x애니멀봐,"4,500,000","4,136,660,000","3,459"
87,[음식/요리/레시피],Cooking tree 쿠킹트리,"4,480,000","431,090,000","1,252"
88,[음식/요리/레시피],까니짱 [ G-NI ],"4,420,000","1,217,480,000",609
89,[음식/요리/레시피],하루한끼 one meal a day,"4,400,000","443,630,000",187
90,[TV/방송],채널 NCT DAILY,"4,390,000","800,440,000",467
91,[키즈/어린이],슈슈토이 Shushu ToysReview,"4,320,000","1,646,420,000",699
92,[게임],EA SPORTS FIFA,"4,290,000","809,460,000",795
94,[키즈/어린이],미니팡TV,"4,270,000","2,889,100,000",745
93,[음악/댄스/가수],Raon,"4,270,000","1,014,470,000",311
95,[키즈/어린이],CoCosToy 꼬꼬스토이,"4,260,000","2,527,010,000",584
96,[미분류],MayTree,"4,210,000","784,090,000",174
97,[키즈/어린이],로미유 스토리[Romiyu Story],"4,200,000","1,115,000,000",434
98,[음식/요리/레시피],[Dorothy]도로시,"4,170,000","1,012,930,000",916
99,[취미/라이프],JaeYeol ASMR 재열,"4,120,000","1,178,580,000","1,092"
100,[TV/방송],채널 십오야,"4,070,000","893,020,000",556
101,[BJ/인물/연예인],허팝Heopop,"3,960,000","3,455,460,000","1,950"
102,[음악/댄스/가수],WINNER,"3,900,000","1,283,370,000",516
103,[TV/방송],워크맨-Workman,"3,810,000","837,350,000",187
106,[음악/댄스/가수],(G)I-DLE (여자)아이들 (Official YouTube Channel),"3,780,000","1,358,600,000",293
104,[음식/요리/레시피],5 분 Tricks,"3,780,000","1,369,890,000","3,584"
105,[키즈/어린이],Lime Tube[라임튜브],"3,770,000","2,730,640,000","1,924"
109,[미분류],GH'S,"3,760,000","1,742,320,000",156
108,[BJ/인물/연예인],ARTBEAT,"3,760,000","1,055,120,000","1,413"
107,[애완/반려동물],크림히어로즈,"3,760,000","1,492,220,000","1,027"
111,[TV/방송],TV-People,"3,720,000","4,275,350,000","18,690"
110,[BJ/인물/연예인],waveya 2011,"3,720,000","1,368,290,000",731
112,[음악/댄스/가수],STUDIO CHOOM [스튜디오 춤],"3,710,000","1,644,510,000",921
113,[TV/방송],딩고 뮤직 / dingo music,"3,700,000","1,407,800,000","1,650"
114,[음악/댄스/가수],백현 Baekhyun,"3,690,000","47,060,000",16
115,[TV/방송],KBS Drama,"3,670,000","4,713,710,000","120,359"
116,[키즈/어린이],제이제이 튜브 [JJ Tube],"3,640,000","2,323,250,000",507
117,[키즈/어린이],Milana FamilyShow[EN],"3,620,000","992,580,000",187
118,[취미/라이프],drawholic,"3,560,000","421,190,000",357
119,[회사/오피셜],Billboard,"3,550,000","1,209,930,000","7,572"
121,[TV/방송],tvN,"3,460,000","5,257,330,000","64,865"
120,[TV/방송],tvN D ENT,"3,460,000","7,083,990,000","18,895"
122,[키즈/어린이],키즈팡TV,"3,450,000","2,142,580,000","2,045"
123,[TV/방송],솔라시도 solarsido,"3,380,000","226,640,000",302
124,[음악/댄스/가수],imlisarhee,"3,350,000","486,800,000",606
125,[음악/댄스/가수],KARD,"3,340,000","642,020,000",320
126,[키즈/어린이],리월드RIWORLD,"3,320,000","1,320,740,000",208
127,[키즈/어린이],EBS 키즈,"3,290,000","4,278,740,000","19,734"
128,[키즈/어린이],럭키강이 LuckyKang i,"3,230,000","1,433,020,000","1,358"
130,[음악/댄스/가수],Jessi,"3,210,000","547,400,000",60
129,[TV/방송],JTBC Voyage,"3,210,000","4,119,400,000","8,940"
131,[뉴스/정치/사회],YTN news,"3,200,000","7,436,350,000","599,325"
133,[음식/요리/레시피],푸드킹덤 Food Kingdom,"3,150,000","1,283,530,000",926
132,[키즈/어린이],MariAndToys,"3,140,000","572,950,000",220
134,[영화/만화/애니],장삐쭈,"3,120,000","1,482,850,000",416
135,[키즈/어린이],카 로봇 Car Robot,"3,110,000","1,833,050,000","3,569"
136,[취미/라이프],사나고 Sanago,"3,100,000","434,440,000",155
137,[음식/요리/레시피],유디티TV,"3,090,000","639,920,000","1,079"
138,[음악/댄스/가수],JAY PARK,"3,070,000","835,470,000",148
139,[스포츠/운동],피지컬갤러리,"3,060,000","601,230,000",688
140,[TV/방송],옛드 : MBC 레전드 드라마,"3,050,000","5,577,550,000","46,566"
141,[키즈/어린이],헤이지니 Hey Jini,"3,040,000","2,005,310,000","1,348"
143,[음식/요리/레시피],FRAN,"3,030,000","1,098,900,000","1,891"
142,[취미/라이프],Thankyou BUBU,"3,030,000","524,310,000",134
144,[취미/라이프],odg,"3,010,000","534,470,000",134
145,[음악/댄스/가수],HyunA,"3,000,000","468,760,000",71
146,[음식/요리/레시피],ZOEY ASMR 조이,"2,980,000","715,400,000",701
147,[음악/댄스/가수],새송 Saesong,"2,920,000","305,770,000",256
148,[음식/요리/레시피],양수빈,"2,860,000","513,420,000",288
149,[TV/방송],런닝맨 - 스브스 공식 채널,"2,840,000","3,998,640,000","54,132"
151,[뉴스/정치/사회],TVCHOSUN - TV조선,"2,810,000","4,637,130,000","71,875"
150,[키즈/어린이],Boys Playtime,"2,810,000","1,386,410,000",525
152,[취미/라이프],팬케이Pan K The Pancake Artist,"2,780,000","872,320,000",566
153,[TV/방송],ATEEZ,"2,740,000","346,900,000",521
154,[음식/요리/레시피],지현꿍,"2,730,000","252,420,000",114
155,[음식/요리/레시피],한세 HANSE,"2,720,000","393,400,000",588
156,[음악/댄스/가수],AKMU,"2,710,000","787,580,000",148
157,[음식/요리/레시피],나도Nado,"2,690,000","739,200,000",755
158,[음식/요리/레시피],애정 Aejeong,"2,660,000","464,190,000",475
159,[음악/댄스/가수],THEBLACKLABEL,"2,610,000","667,320,000",126
160,[TV/방송],EBSDocumentary (EBS 다큐),"2,600,000","2,359,110,000","30,254"
162,[음식/요리/레시피],Chihun ASMR 치훈,"2,580,000","492,250,000",546
161,[취미/라이프],ASMR PPOMO,"2,580,000","696,720,000",423
163,[BJ/인물/연예인],International Couple[사샤와 제이],"2,570,000","337,290,000",177
166,[키즈/어린이],꼬마버스 타요,"2,560,000","1,980,540,000","2,521"
164,[뉴스/정치/사회],SBS Catch,"2,560,000","2,583,870,000","4,093"
165,[음악/댄스/가수],GIRLS' GENERATION,"2,550,000","200,340,000",96
168,[뉴스/정치/사회],SBS 뉴스,"2,520,000","4,077,520,000","131,516"
167,[BJ/인물/연예인],JOLLY,"2,520,000","593,580,000",394
169,[스포츠/운동],김종국 GYM JONG KOOK,"2,510,000","140,580,000",48
170,[TV/방송],PLAYLIST ORIGINALS 플레이리스트 오리지널,"2,500,000","1,017,190,000",756
171,[키즈/어린이],보라미TV BoramiTV,"2,470,000","860,410,000",603
172,[키즈/어린이],ToyFamily,"2,430,000","420,000",38
173,[해외],The Wiggles,"2,380,000","2,952,750,000",723
174,[BJ/인물/연예인],흔한남매,"2,370,000","2,513,020,000",913
176,[음악/댄스/가수],MONSTA X,"2,360,000","349,500,000",218
175,[음식/요리/레시피],흥삼이네 Heungsam's Family,"2,360,000","1,195,520,000","1,481"
177,[게임],도티 TV,"2,350,000","2,720,300,000","3,338"
178,[BJ/인물/연예인],진용진,"2,340,000","760,740,000",468
179,[음악/댄스/가수],mirrorHD,"2,320,000","1,290,350,000",208
180,[TV/방송],스브스 예능맛집,"2,310,000","1,881,720,000","3,861"
183,[음악/댄스/가수],SHINee,"2,310,000","250,180,000",185
184,[음악/댄스/가수],The K-POP,"2,300,000","701,170,000","8,496"
182,[음악/댄스/가수],United CUBE (CUBE Entertainment Official YouTube Channel),"2,300,000","737,720,000","1,583"
181,[영화/만화/애니],총몇명,"2,300,000","920,420,000",361
186,[음악/댄스/가수],채널 NCT MUSIC,"2,280,000","184,950,000",29
187,[음악/댄스/가수],여자친구 GFRIEND OFFICIAL,"2,280,000","515,210,000",515
185,[키즈/어린이],"토닥토닥 꼬모 - 애니메이션, 동요, 놀이","2,280,000","2,768,840,000",941
189,[패션/미용],RISABAE,"2,260,000","281,690,000",397
188,[BJ/인물/연예인],와썹맨-Wassup Man,"2,260,000","326,070,000",194
192,[음악/댄스/가수],거리노래방,"2,250,000","297,160,000",901
191,[BJ/인물/연예인],VIVA DANCE STUDIO,"2,250,000","402,910,000","2,568"
190,[BJ/인물/연예인],엔조이커플enjoycouple,"2,250,000","885,480,000",603
194,[음악/댄스/가수],SUPER JUNIOR,"2,230,000","131,500,000",241
193,[키즈/어린이],MariAndFriends,"2,230,000","1,633,570,000","1,892"
197,[음악/댄스/가수],official IZ*ONE,"2,220,000","639,850,000",270
195,[키즈/어린이],또봇 V · 슈퍼텐 [Tobot V · Super10],"2,220,000","2,804,150,000","1,969"
196,[BJ/인물/연예인],해그린달 haegreendal,"2,210,000","93,920,000",62
200,[키즈/어린이],[wonderkids TV] 원더키즈 TV,"2,190,000","1,004,150,000",972
199,[음악/댄스/가수],채널 NCT DANCE,"2,190,000","203,690,000",42
198,[음악/댄스/가수],OfficialGDRAGON,"2,190,000","92,340,000",0
201,[뉴스/정치/사회],JTBC News,"2,170,000","3,881,670,000","135,351"
202,[음식/요리/레시피],꿀키honeykki,"2,160,000","273,120,000",439
204,[게임],감스트GAMST,"2,150,000","1,541,860,000","4,503"
203,[키즈/어린이],캐릭온 TV,"2,150,000","2,197,310,000",823
209,[음악/댄스/가수],KQ ENTERTAINMENT,"2,140,000","827,540,000",334
208,[음악/댄스/가수],헨리 Henry Lau,"2,140,000","215,980,000",175
207,[영화/만화/애니],짤툰,"2,140,000","1,456,970,000",803
206,[뉴스/정치/사회],MBCNEWS,"2,140,000","5,328,580,000","139,974"
205,[IT/기술/컴퓨터],ITSub잇섭,"2,140,000","725,780,000",897
213,[뉴스/정치/사회],채널A 캔버스,"2,130,000","2,583,160,000","28,616"
212,[음악/댄스/가수],4Minute 포미닛(Official YouTube Channel),"2,130,000","1,302,320,000",82
211,[교육/강의],슈카월드,"2,130,000","393,020,000","1,090"
210,[음식/요리/레시피],JerryPop,"2,130,000","781,860,000",413
214,[TV/방송],보길 bogil,"2,120,000","861,740,000","1,148"
215,[애완/반려동물],수리노을SuriNoel,"2,110,000","770,230,000","1,113"
216,[교육/강의],디바제시카DeevaJessica,"2,100,000","912,290,000","3,077"
217,[TV/방송],아는형님 Knowingbros,"2,080,000","1,063,290,000","2,449"
220,[영화/만화/애니],CheezeFilm,"2,080,000","516,340,000",235
219,[음식/요리/레시피],도남이먹방Donam,"2,070,000","681,050,000",891
218,[교육/강의],올리버쌤,"2,070,000","627,580,000",684
222,[음악/댄스/가수],CL Official Channel,"2,060,000","237,940,000",69
221,[영화/만화/애니],레이디버그TV,"2,060,000","77,350,000",174
223,[BJ/인물/연예인],공대생 변승주 DS,"2,050,000","1,505,820,000","1,587"
224,[TV/방송],퇴경아 약먹자,"2,020,000","350,470,000",674
226,[게임],잠뜰 TV,"2,010,000","2,808,990,000","3,059"
225,[영화/만화/애니],지무비 : G Movie,"2,010,000","734,170,000",325
227,[키즈/어린이],캐리TV 장난감친구들,"2,000,000","2,762,450,000","2,840"
228,[음식/요리/레시피],FoodieBoy 푸디보이,"1,990,000","697,350,000","1,191"
230,[음악/댄스/가수],woolliment,"1,970,000","827,460,000",855
229,[애완/반려동물],밀키복이탄이MilkyBokiTan,"1,970,000","633,120,000",431
231,[음악/댄스/가수],A-YEON,"1,960,000","223,600,000",55
235,[음악/댄스/가수],CHEN,"1,940,000","33,430,000",10
234,[키즈/어린이],Toy Wizard [토이위자드],"1,940,000","721,320,000",642
233,[주식/경제/부동산],삼프로TV_경제의신과함께,"1,940,000","622,200,000","7,759"
232,[영화/만화/애니],고몽,"1,940,000","909,820,000",525
237,[음악/댄스/가수],MLD ENTERTAINMENT,"1,920,000","787,620,000",639
236,[음악/댄스/가수],EXID_OFFICIAL,"1,920,000","669,850,000",332
238,[취미/라이프],Imaginative Guy,"1,910,000","625,680,000",124
239,[키즈/어린이],뉴욕이네,"1,900,000","869,850,000",802
242,[미분류],Kep1er,"1,890,000","208,420,000",74
241,[음악/댄스/가수],loonatheworld,"1,890,000","686,230,000","1,075"
240,[TV/방송],tvN D STUDIO,"1,890,000","630,750,000","1,204"
245,[애완/반려동물],[THE SOY]루퐁이네,"1,870,000","613,560,000",402
244,[스포츠/운동],Allblanc TV,"1,870,000","212,900,000",415
243,[키즈/어린이],대문밖장덕대,"1,870,000","836,000,000","1,595"
248,[음악/댄스/가수],ARIRANG K-POP,"1,860,000","773,860,000","29,024"
247,[음악/댄스/가수],BTOB 비투비 (Official YouTube Channel),"1,860,000","517,980,000",735
246,[교육/강의],데이브 World of Dave,"1,860,000","460,800,000",661
249,[TV/방송],dingo freestyle,"1,850,000","1,151,920,000","1,051"
252,[패션/미용],free지아,"1,840,000","6,410,000",1
251,[뉴스/정치/사회],디글 클래식 :Diggle Classic,"1,840,000","4,519,220,000","25,075"
250,[키즈/어린이],Dollightful,"1,840,000","292,400,000",159
254,[음악/댄스/가수],AOMGOFFICIAL,"1,840,000","473,140,000",395
253,[음악/댄스/가수],DAY6,"1,830,000","335,980,000",394
255,[음악/댄스/가수],셀프어쿠스틱selfacoustic,"1,820,000","447,200,000",175
258,[음악/댄스/가수],비몽,"1,810,000","964,390,000","4,582"
257,[TV/방송],문명특급 - MMTG,"1,810,000","483,610,000",298
256,[음식/요리/레시피],ASMR Suna 꿀꿀선아,"1,810,000","447,870,000",330
261,[게임],소맥거핀,"1,800,000","585,110,000",217
260,[음악/댄스/가수],THE BOYZ,"1,800,000","377,480,000",565
259,[패션/미용],Wishtrend TV,"1,800,000","161,870,000",885
263,[음식/요리/레시피],입짧은햇님,"1,790,000","747,520,000","2,655"
262,[IT/기술/컴퓨터],밝은 면 Bright Side Korea,"1,790,000","509,370,000","3,967"
265,[패션/미용],조효진 HYOJIN,"1,770,000","187,200,000",344
264,[키즈/어린이],꾹TV(Kkuk TV),"1,770,000","1,086,510,000","1,499"
266,[음식/요리/레시피],[Nareum_TV] 나름TV,"1,760,000","617,920,000",775
267,[주식/경제/부동산],신사임당,"1,750,000","264,880,000","1,284"
271,[TV/방송],MBN Entertainment,"1,740,000","1,751,850,000","47,452"
270,[키즈/어린이],유라야놀자(Let's play YURA),"1,740,000","1,914,300,000","1,570"
269,[게임],악동 김블루,"1,740,000","1,118,440,000",877
268,[TV/방송],콬TV,"1,740,000","607,910,000",865
273,[뉴스/정치/사회],EBSCulture (EBS 교양),"1,730,000","1,281,000,000","43,205"
272,[애완/반려동물],내셔널지오그래픽 - National Geographic Korea,"1,730,000","777,980,000","3,282"
274,[음악/댄스/가수],OfficialLEEHI,"1,720,000","415,870,000",106
277,[뉴스/정치/사회],진성호방송,"1,710,000","2,777,000,000","10,512"
276,[애완/반려동물],슈앤트리 SHU AND TREE,"1,710,000","384,890,000",429
275,[BJ/인물/연예인],보물섬,"1,710,000","1,262,830,000",500
280,[음악/댄스/가수],DJ SODA OFFICIAL,"1,680,000","233,460,000",164
279,[스포츠/운동],SPOTV,"1,680,000","1,527,890,000","33,427"
278,[게임],양띵 유튜브,"1,680,000","1,970,880,000","7,660"
283,[음식/요리/레시피],이 남자의 cook,"1,670,000","329,360,000",629
282,[TV/방송],KBS 한국방송,"1,670,000","1,562,890,000","29,477"
281,[음악/댄스/가수],PENTAGON 펜타곤 (Official YouTube Channel),"1,670,000","283,760,000",573
284,[BJ/인물/연예인],더블비,"1,650,000","1,067,240,000",503
285,[뉴스/정치/사회],채널A 뉴스,"1,640,000","2,182,810,000","69,660"
287,[게임],T1 Faker,"1,630,000","320,470,000","1,252"
286,[뉴스/정치/사회],KBS News,"1,630,000","2,489,690,000","203,719"
289,[음악/댄스/가수],GOT7,"1,620,000","24,300,000",3
288,[음악/댄스/가수],시즌비시즌 Season B Season,"1,620,000","220,900,000",91
291,[음악/댄스/가수],DOJIN도진이,"1,610,000","90,220,000",58
290,[게임],대도서관TV (buzzbean11),"1,610,000","1,463,450,000","9,774"
298,[음식/요리/레시피],ETTV 이티티비,"1,600,000","690,530,000","1,182"
297,[음식/요리/레시피],승우아빠,"1,600,000","535,700,000",693
296,[키즈/어린이],지니키즈 Genikids (인기 동요・동화),"1,600,000","1,281,010,000","1,140"
295,[교육/강의],jannahkorea 잔나코리아,"1,600,000","183,510,000",462
294,[키즈/어린이],깨비키즈 [KEBIKIDS],"1,600,000","1,697,990,000","1,869"
293,[음악/댄스/가수],Daily Busking,"1,600,000","645,610,000",969
292,[TV/방송],조재원,"1,600,000","445,950,000",320
301,[음악/댄스/가수],NU'EST,"1,590,000","246,500,000",687
300,[TV/방송],오킹TV,"1,590,000","678,780,000","1,511"
299,[패션/미용],이수현 Official,"1,590,000","76,060,000",105
306,[BJ/인물/연예인],[상윤쓰]Sangyoon,"1,580,000","340,780,000",172
305,[게임],뜨뜨뜨뜨,"1,580,000","786,460,000","1,602"
304,[게임],침착맨,"1,580,000","1,045,960,000","6,141"
303,[음식/요리/레시피],슈기님,"1,580,000","634,070,000","1,420"
302,[음식/요리/레시피],HONG SOUND,"1,580,000","392,750,000","1,081"
310,[TV/방송],INTHESOOP_TV,"1,570,000","35,430,000",42
309,[미분류],1분미만,"1,570,000","351,660,000",182
308,[뉴스/정치/사회],KBS Drama Classic,"1,570,000","1,480,350,000","10,036"
307,[음악/댄스/가수],FNCEnt,"1,570,000","348,540,000","1,511"
311,[음악/댄스/가수],버블디아,"1,560,000","425,760,000","1,235"
314,[미분류],숏박스,"1,550,000","127,180,000",36
313,[키즈/어린이],티디키즈 (인기 동요・동화),"1,550,000","1,014,870,000",462
312,[BJ/인물/연예인],JAYKEEOUT,"1,550,000","231,980,000",233
315,[미분류],1분요리 뚝딱이형,"1,540,000","356,570,000",306
321,[TV/방송],디글 :Diggle,"1,530,000","3,690,180,000","18,173"
320,[TV/방송],KBS HUMAN: 뭉클티비,"1,530,000","845,030,000","4,647"
319,[음식/요리/레시피],칩chip,"1,530,000","217,140,000",36
318,[키즈/어린이],브라보키즈_BRAVO KIDS,"1,530,000","1,593,660,000","1,893"
317,[BJ/인물/연예인],웃소 Wootso,"1,530,000","1,633,410,000",795
316,[게임],김재원의 즐거운 세상,"1,530,000","1,825,040,000","2,181"
326,[BJ/인물/연예인],혜리,"1,520,000","88,420,000",81
325,[취미/라이프],피식대학Psick Univ,"1,520,000","475,880,000",544
324,[뉴스/정치/사회],SBS STORY,"1,520,000","1,887,270,000","80,863"
323,[음악/댄스/가수],워너뮤직코리아 (Warner Music Korea),"1,520,000","930,820,000","2,916"
322,[게임],태경 TV,"1,520,000","2,299,810,000","2,758"
330,[키즈/어린이],Edu car toy school,"1,510,000","790,600,000","1,309"
329,[TV/방송],MKTV 김미경TV,"1,510,000","294,670,000","1,788"
328,[교육/강의],사물궁이 잡학지식,"1,510,000","261,500,000",321
327,[음식/요리/레시피],최고다윽박,"1,510,000","900,350,000","1,676"
333,[음악/댄스/가수],Chuther츄더[문에스더],"1,500,000","232,460,000",164
332,[뉴스/정치/사회],세바시 강연 Sebasi Talk,"1,500,000","333,000,000","2,178"
331,[패션/미용],ssin 씬님,"1,500,000","443,760,000",725
334,[음악/댄스/가수],Lemoring,"1,490,000","946,290,000",532
335,[음악/댄스/가수],Dreamcatcher official,"1,480,000","429,660,000",450
337,[미분류],ROOKIE MING 루키밍,"1,470,000","877,510,000",627
336,[TV/방송],"안구정화TV, Your Korean Friend","1,470,000","128,930,000",193
338,[TV/방송],동네놈들,"1,460,000","361,470,000",354
341,[취미/라이프],낄낄상회,"1,450,000","430,220,000",342
340,[교육/강의],스터디언,"1,450,000","293,700,000","3,606"
339,[뉴스/정치/사회],신의한수,"1,450,000","1,255,010,000","9,468"
343,[미분류],뽀송한 준_bosungjun,"1,440,000","135,600,000",127
342,[교육/강의],Talk To Me In Korean,"1,440,000","67,340,000","1,610"
345,[게임],혜안,"1,430,000","583,060,000",891
344,[TV/방송],Mera,"1,430,000","1,263,970,000","7,558"
349,[TV/방송],Beginagain 비긴어게인,"1,420,000","639,090,000","1,182"
348,[TV/방송],한문철 TV,"1,420,000","1,735,320,000","17,046"
347,[게임],우주하마,"1,420,000","819,750,000","1,998"
346,[음식/요리/레시피],ARIKITCHEN (아리키친),"1,420,000","359,790,000",479
352,[미분류],Access,"1,410,000","1,268,050,000","27,750"
351,[교육/강의],seemile Korean,"1,410,000","100,400,000","1,149"
350,[음식/요리/레시피],엠브로 MBRO,"1,410,000",0,0
358,[교육/강의],조승연의 탐구생활,"1,400,000","114,190,000",254
357,[TV/방송],14F 일사에프,"1,400,000","533,250,000","2,920"
356,[BJ/인물/연예인],급식왕,"1,400,000","1,710,880,000",739
355,[음악/댄스/가수],K-Tigers TV,"1,400,000","210,050,000",479
354,[키즈/어린이],헬로카봇 - hello carbot official,"1,400,000","1,320,340,000","1,279"
353,[음식/요리/레시피],파뿌리,"1,400,000","1,381,700,000","1,472"
359,[미분류],Christian Dior,"1,390,000","896,140,000","1,181"
362,[음악/댄스/가수],Apink (에이핑크),"1,380,000","416,830,000",689
361,[영화/만화/애니],김시선,"1,380,000","477,510,000",446
360,[BJ/인물/연예인],NALU,"1,380,000","107,740,000",167
365,[TV/방송],BLACKHAND,"1,370,000","343,470,000",56
364,[BJ/인물/연예인],철구형 (CHULTUBE),"1,370,000","1,322,920,000","6,946"
363,[음악/댄스/가수],GENIE MUSIC,"1,370,000","501,350,000","4,291"
371,[음악/댄스/가수],ONEUS,"1,360,000","256,660,000",462
370,[음악/댄스/가수],BEAST 비스트 (Official YouTube Channel),"1,360,000","600,040,000",118
369,[음식/요리/레시피],산적TV 밥굽남,"1,360,000","314,230,000",611
368,[뉴스/정치/사회],TBS 시민의방송,"1,360,000","1,209,540,000","37,431"
367,[TV/방송],Solfa,"1,360,000","231,870,000",49
366,[BJ/인물/연예인],박막례 할머니 Korea_Grandma,"1,360,000","448,330,000",482
375,[음악/댄스/가수],선미 SUNMI,"1,350,000","301,550,000",168
374,[음악/댄스/가수],2PM,"1,350,000","405,020,000",447
373,[BJ/인물/연예인],장지수,"1,350,000","465,430,000",765
372,[게임],우왁굳의 게임방송,"1,350,000","1,233,760,000","7,490"
378,[미분류],7FATES: CHAKHO by HYBE,"1,340,000","48,760,000",31
382,[BJ/인물/연예인],신세경 sjkuksee,"1,340,000","49,950,000",36
377,[TV/방송],디스커버리 서바이벌 - Discovery Survival,"1,340,000","421,840,000",554
376,[음식/요리/레시피],취미로 요리하는 남자 Yonam,"1,340,000","128,240,000",84
383,[스포츠/운동],식빵언니 김연경 Bread Unnie,"1,330,000","79,010,000",68
381,[회사/오피셜],미스&미스터트롯 공식계정,"1,330,000","1,244,310,000","4,111"
380,[BJ/인물/연예인],임영웅,"1,330,000","1,381,680,000",603
379,[애완/반려동물],크집사,"1,330,000","292,360,000",439
384,[TV/방송],그것이 알고싶다,"1,320,000","395,820,000",641
389,[미분류],김작가 TV,"1,310,000","275,560,000","1,873"
388,[음악/댄스/가수],TJ KARAOKE TJ 노래방 공식 유튜브채널,"1,310,000","1,650,480,000","57,543"
387,[음악/댄스/가수],Prepix Dance Studio,"1,310,000","238,950,000","5,371"
386,[TV/방송],놀면 뭐하니?,"1,310,000","571,970,000",772
385,[애완/반려동물],강형욱의 보듬TV - Dog Trainer Kang,"1,310,000","245,220,000",714
395,[TV/방송],sNack!,"1,300,000","1,081,380,000","2,066"
394,[뉴스/정치/사회],뉴스TVCHOSUN,"1,300,000","1,029,240,000","71,593"
393,[음악/댄스/가수],AOA,"1,300,000","707,140,000",197
392,[TV/방송],dingo global DGG,"1,300,000","406,180,000",437
391,[음악/댄스/가수],MOVE Dance Studio,"1,300,000","285,900,000","2,941"
390,[TV/방송],모비딕 Mobidic,"1,300,000","424,980,000","1,370"
398,[TV/방송],오분순삭,"1,290,000","1,584,430,000","1,905"
397,[TV/방송],잼스터,"1,290,000","408,120,000",448
396,[BJ/인물/연예인],정선호,"1,290,000","496,830,000",457
400,[미분류],IVE,"1,280,000","150,640,000",83
399,[취미/라이프],탱구TV,"1,280,000","47,730,000",27
404,[미분류],사피엔스 스튜디오,"1,270,000","341,180,000","3,368"
403,[IT/기술/컴퓨터],약사가 들려주는 약 이야기,"1,270,000","167,840,000",493
402,[TV/방송],KBS CoolFM,"1,270,000","609,470,000","9,938"
401,[스포츠/운동],Shoot for Love 슛포러브,"1,270,000","726,920,000",811
406,[미분류],STAYC,"1,260,000","406,750,000",195
405,[음악/댄스/가수],RealVIXX,"1,260,000","381,690,000",735
412,[음악/댄스/가수],SEVENTEEN Japan official Youtube,"1,250,000","227,920,000",122
411,[음식/요리/레시피],히밥heebab,"1,250,000","366,410,000",478
410,[미분류],꽉잡아윤기-Kwakyoongy,"1,250,000","203,580,000",369
409,[패션/미용],lamuqe,"1,250,000","120,920,000",289
408,[취미/라이프],휘트니 whitney bae,"1,250,000","317,200,000",317
407,[TV/방송],딩고 스토리 / dingo story,"1,250,000","288,700,000",333
416,[TV/방송],달라스튜디오,"1,240,000","172,940,000",117
415,[게임],악어 유튜브,"1,240,000","1,486,020,000","6,758"
414,[취미/라이프],Squash Clay 쪼물쪼물 클레이,"1,240,000","229,850,000",468
413,[게임],테스터훈 TesterHoon,"1,240,000","894,600,000","2,525"
421,[TV/방송],eaJ,"1,230,000","57,660,000",35
420,[음식/요리/레시피],먹어볼래TryToEat,"1,230,000","196,500,000",238
419,[BJ/인물/연예인],ondo온도,"1,230,000","125,230,000",207
418,[음악/댄스/가수],Official A.C.E,"1,230,000","158,390,000",513
417,[TV/방송],피키픽처스 Piki Pictures,"1,230,000","462,650,000",569
423,[음악/댄스/가수],DaftTaengk,"1,220,000","578,220,000","4,426"
422,[국내/해외/여행],빠니보틀 Pani Bottle,"1,220,000","258,790,000",253
431,[미분류],ONE PIECE公式YouTubeチャンネル,"1,210,000","180,090,000",571
430,[BJ/인물/연예인],공부왕찐천재 홍진경,"1,210,000","173,040,000",161
429,[뉴스/정치/사회],KBS 다큐,"1,210,000","735,040,000","50,280"
428,[영화/만화/애니],Netflix Korea 넷플릭스 코리아,"1,210,000","353,330,000","1,741"
427,[영화/만화/애니],Tooniverse-투니버스,"1,210,000","862,280,000","3,927"
426,[음식/요리/레시피],우리의식탁 W TABLE,"1,210,000","97,020,000",400
425,[뉴스/정치/사회],사람사는세상노무현재단,"1,210,000","140,430,000",952
424,[패션/미용],회사원A,"1,210,000","422,240,000",575
433,[음악/댄스/가수],YGTAEYANG,"1,200,000","74,660,000",26
432,[TV/방송],Coreaníssima 엘레나,"1,200,000","84,770,000",212
438,[스포츠/운동],힙으뜸,"1,190,000","251,550,000",388
437,[음식/요리/레시피],스윗더미 . Sweet The MI,"1,190,000","117,970,000",318
436,[BJ/인물/연예인],Lia Kim,"1,190,000","67,670,000",57
435,[음식/요리/레시피],DICKHUNTER딕헌터🌶,"1,190,000","313,450,000",417
434,[BJ/인물/연예인],수상한녀석들,"1,190,000","255,070,000",168
442,[뉴스/정치/사회],MBN News,"1,180,000","1,316,830,000","113,223"
441,[TV/방송],옐언니,"1,180,000","525,490,000",449
440,[패션/미용],다또아Daddoa,"1,180,000","93,070,000",190
439,[애완/반려동물],haha ha,"1,180,000","433,220,000",495
445,[미분류],퍼런안경_BLAS,"1,170,000","271,130,000",98
444,[BJ/인물/연예인],턱형 (GOD-TUK),"1,170,000","419,360,000",520
443,[영화/만화/애니],달빛뮤즈,"1,170,000","291,160,000",465
452,[BJ/인물/연예인],소련여자 Soviet girl in Seoul,"1,160,000","175,870,000",116
451,[미분류],김소형 채널H,"1,160,000","225,320,000",856
450,[TV/방송],우와한 비디오,"1,160,000","1,340,520,000","1,412"
449,[TV/방송],티캐스트 tcast,"1,160,000","1,266,650,000","7,978"
448,[TV/방송],CJ ENM,"1,160,000","1,767,600,000","14,932"
447,[패션/미용],kiu기우쌤,"1,160,000","375,380,000",389
446,[게임],겜브링 GGAM BRING,"1,160,000","1,380,990,000","2,308"
457,[영화/만화/애니],PLAYY ANI 플레이애니,"1,150,000","477,560,000",683
456,[음악/댄스/가수],CLC 씨엘씨 (Official YouTube Channel),"1,150,000","252,210,000",188
455,[키즈/어린이],미니카 Minicar,"1,150,000","679,010,000","1,657"
454,[애완/반려동물],정브르,"1,150,000","565,950,000","1,668"
453,[BJ/인물/연예인],Cheri Hyeri 체리 혜리,"1,150,000","163,180,000",395
462,[미분류],엠뚜루마뚜루 : MBC 공식 종합 채널,"1,140,000","1,601,980,000","2,423"
461,[음식/요리/레시피],야식이,"1,140,000","426,920,000","1,318"
460,[TV/방송],뻑가 PPKKa,"1,140,000","853,650,000",866
459,[뉴스/정치/사회],OhmynewsTV,"1,140,000","777,020,000","16,632"
458,[음식/요리/레시피],야식이,"1,140,000","426,920,000","1,318"
467,[BJ/인물/연예인],헌터퐝,"1,130,000","277,330,000",326
466,[음악/댄스/가수],강다니엘 KANGDANIEL,"1,130,000","189,920,000",143
465,[주식/경제/부동산],미래에셋 스마트머니,"1,130,000","122,420,000","1,714"
464,[영화/만화/애니],Puuung,"1,130,000","53,740,000",316
473,[교육/강의],법륜스님의 즉문즉설,"1,130,000","736,690,000","1,860"
463,[취미/라이프],rappeler하쁠리,"1,130,000","461,070,000",714
477,[미분류],Girls On Top,"1,120,000","146,400,000",14
476,[TV/방송],it's Live,"1,120,000","334,190,000",590
475,[음식/요리/레시피],BenDeen,"1,120,000","159,800,000",387
474,[음악/댄스/가수],Rock Music,"1,120,000","607,640,000","7,693"
472,[뉴스/정치/사회],비디오머그 - VIDEOMUG,"1,120,000","1,866,340,000","5,527"
471,[음악/댄스/가수],SUPER SOUND Bugs!,"1,120,000","708,360,000","3,273"
470,[취미/라이프],효기심,"1,120,000","148,250,000",195
469,[국내/해외/여행],코이티비KOITV,"1,120,000","793,410,000","1,407"
468,[취미/라이프],Bandung Oppa 반둥오빠,"1,120,000","96,810,000",408
482,[음식/요리/레시피],수빙수tv sooBingsoo,"1,110,000","357,650,000",315
481,[음악/댄스/가수],MORE THAN YOUTH,"1,110,000","280,810,000",784
480,[키즈/어린이],브레드이발소,"1,110,000","541,640,000",798
479,[음식/요리/레시피],애주가TV참PD,"1,110,000","533,510,000","1,173"
478,[영화/만화/애니],B Man 삐맨,"1,110,000","571,270,000",610
483,[취미/라이프],Kim Miso,"1,100,000","67,800,000",343
489,[미분류],엄마의손맛,"1,090,000","260,520,000",655
488,[키즈/어린이],woojoo우주,"1,090,000","361,000,000",85
487,[음악/댄스/가수],PLEDIS ENTERTAINMENT,"1,090,000","281,540,000",255
486,[TV/방송],Dingo K-Drama,"1,090,000","205,740,000",411
485,[음악/댄스/가수],UPVOTE Entertainment,"1,090,000","263,660,000","1,315"
484,[TV/방송],이슈텔러 issueTeller,"1,090,000","492,870,000",653
496,[미분류],너덜트,"1,080,000","82,740,000",22
495,[회사/오피셜],SM C&C STUDIO,"1,080,000","146,110,000",999
494,[음악/댄스/가수],CNBLUE (씨엔블루),"1,080,000","226,840,000",198
493,[TV/방송],V LIVE,"1,080,000","634,780,000","2,821"
492,[TV/방송],SK telecom,"1,080,000","762,870,000","2,259"
491,[영화/만화/애니],리뷰엉이: Owl's Review,"1,080,000","361,330,000",485
490,[게임],릴카,"1,080,000","421,080,000",950
501,[미분류],자취요리신 simple cooking,"1,070,000","153,610,000",358
509,[IT/기술/컴퓨터],의학채널 비온뒤,"1,070,000","284,700,000","6,013"
500,[음악/댄스/가수],KIM HYUN JOONG.official,"1,070,000","155,970,000",370
499,[영화/만화/애니],Hello Jadoo TV 안녕 자두야,"1,070,000","411,510,000",587
498,[키즈/어린이],마이린 TV,"1,070,000","792,600,000","2,514"
497,[영화/만화/애니],드림텔러(DreamTeller),"1,070,000","152,480,000",149
510,[주식/경제/부동산],[삼성증권] Samsung POP,"1,060,000","105,700,000","1,391"
508,[뉴스/정치/사회],조선일보,"1,060,000","641,600,000","14,225"
507,[뉴스/정치/사회],SBS Radio 에라오,"1,060,000","562,410,000","16,846"
506,[키즈/어린이],마시따 MASITTA,"1,060,000","645,810,000",226
505,[게임],코너Korner,"1,060,000","709,620,000",693
504,[음식/요리/레시피],맛있는 녀석들 (Tasty Guys),"1,060,000","1,255,470,000","3,343"
503,[음식/요리/레시피],가르마[GARMA],"1,060,000","322,540,000","1,217"
502,[취미/라이프],집꾸미기,"1,060,000","112,840,000",257
516,[미분류],제발돼라 PleaseBee,"1,050,000","242,560,000",185
515,[게임],유키 YOUKI,"1,050,000","249,200,000",947
514,[TV/방송],sankok esl,"1,050,000","9,060,000",107
513,[뉴스/정치/사회],신인균의 국방TV,"1,050,000","555,470,000","2,034"
512,[키즈/어린이],퍼플 토이박스(Purple Toy Box),"1,050,000","644,380,000","1,409"
511,[음식/요리/레시피],핫도그TV,"1,050,000","840,600,000","1,028"
523,[미분류],RMC Sport,"1,040,000","444,530,000","25,456"
522,[미분류],핏블리 FITVELY,"1,040,000","275,370,000",748
521,[미분류],채꾸똥꾸 (Cherry & Dong),"1,040,000","335,290,000",317
520,[영화/만화/애니],DinoCore TUBA,"1,040,000","728,540,000",957
527,[TV/방송],준우,"1,040,000","311,700,000",225
519,[TV/방송],유병재,"1,040,000","192,870,000",171
518,[패션/미용],써니채널 Sunny's Channel,"1,040,000","97,390,000",177
517,[BJ/인물/연예인],Sibonggyun 시봉균,"1,040,000","65,060,000",457
528,[해외],TNT,"1,030,000","652,930,000","4,614"
526,[게임],기리TV,"1,030,000","1,100,080,000","2,623"
525,[BJ/인물/연예인],유준호,"1,030,000","471,060,000","1,304"
524,[BJ/인물/연예인],조섭 Jossup,"1,030,000","445,550,000","1,206"
530,[음악/댄스/가수],일반인들의 소름돋는 라이브 / Best covers,"1,020,000","444,140,000","3,935"
529,[TV/방송],밍꼬발랄Mingggo,"1,020,000","1,397,070,000",851
538,[음악/댄스/가수],지켜츄 Chuu Can Do It,"1,010,000","96,700,000",111
537,[뉴스/정치/사회],배승희 변호사,"1,010,000","517,410,000","1,279"
536,[키즈/어린이],Toystar TV,"1,010,000","436,030,000",81
535,[회사/오피셜],KB국민카드,"1,010,000","183,180,000",493
534,[음악/댄스/가수],빅마블,"1,010,000",0,0
533,[뉴스/정치/사회],딴지방송국,"1,010,000","242,810,000",732
532,[게임],쁘허,"1,010,000","383,750,000","1,065"
531,[게임],킴성태TV,"1,010,000","752,050,000","1,766"
545,[미분류],연스커플 Yeon's Couple,"1,000,000","210,200,000",286
544,[음악/댄스/가수],MUPLY 뮤플리,"1,000,000","316,210,000",606
543,[교육/강의],공부의신 강성태,"1,000,000","294,220,000","2,749"
542,[음식/요리/레시피],얌무YAMMoo,"1,000,000","208,670,000",613
541,[게임],텔론,"1,000,000","1,003,440,000","3,572"
540,[게임],램램TV,"1,000,000","874,830,000","2,420"
539,[TV/방송],딩고 / dingo,"1,000,000","340,520,000",699
547,[TV/방송],옛능 : MBC 옛날 예능 다시보기,"990,000","1,470,900,000","2,604"
546,[키즈/어린이],JoyKids,"990,000","568,370,000",191
549,[미분류],키즐 kizzle,"990,000","267,300,000",171
548,[취미/라이프],제이제이살롱드핏,"990,000","212,040,000",491
550,[게임],괴물쥐 유튜브,"990,000","797,590,000","1,051"
551,[애완/반려동물],소녀의행성 Girlsplanet,"990,000","356,220,000",449
552,[영화/만화/애니],WatchcarTV,"990,000","473,810,000",201
553,[TV/방송],키에커,"990,000","332,020,000",195
555,[게임],잉여맨 유튜브,"990,000","951,210,000","2,307"
554,[취미/라이프],츄팝,"980,000","465,980,000",475
556,[BJ/인물/연예인],성수커플 - S.S Couple,"980,000",0,0
557,[뉴스/정치/사회],빽능 - 스브스 옛날 예능,"980,000","1,195,790,000","3,690"
558,[BJ/인물/연예인],하하 PD HAHA PD,"980,000","74,480,000",143
560,[영화/만화/애니],신비아파트 공식채널 - Shinbi House,"980,000","619,250,000","1,532"
559,[BJ/인물/연예인],강유미 yumi kang좋아서 하는 채널,"970,000","271,930,000",363
561,[스포츠/운동],말왕TV,"970,000","358,250,000",931
565,[미분류],웅이woongei,"970,000","265,360,000",409
562,[뉴스/정치/사회],연합뉴스TV,"970,000","1,218,610,000","402,462"
563,[키즈/어린이],액션 Action,"970,000","464,800,000","1,618"
564,[키즈/어린이],토깽이네,"960,000","1,045,010,000","1,508"
566,[미분류],NMIXX,"960,000","100,500,000",76
568,[음악/댄스/가수],MUSIC&NEW 뮤직앤뉴,"960,000","1,055,730,000","7,478"
567,[BJ/인물/연예인],U.M.A.우마,"960,000","244,680,000",144
570,[게임],액션홍구,"960,000","583,880,000","3,030"
569,[취미/라이프],ColorMonsters Toy,"960,000","546,180,000","1,040"
572,[BJ/인물/연예인],슛뚜sueddu,"960,000","49,460,000",211
571,[패션/미용],디렉터 파이,"960,000","139,840,000",300
575,[미분류],양장금주부,"960,000","216,370,000",646
573,[TV/방송],YG TREASURE BOX,"960,000","277,220,000",496
574,[해외],ZeeKay Junior,"950,000","921,820,000",947
576,[음악/댄스/가수],H1GHR MUSIC,"950,000","260,480,000",507
577,[미분류],스튜디오 와플 - STUDIO WAFFLE,"950,000","199,310,000",210
578,[TV/방송],z a m,"940,000","667,830,000","2,397"
582,[미분류],함께해요 맛나요리,"940,000","258,900,000",661
579,[음식/요리/레시피],삼대장 Samdaejang,"940,000","542,430,000","1,199"
580,[음악/댄스/가수],SF9,"940,000","83,620,000",328
584,[게임],Partition Zion,"940,000","428,010,000",991
581,[음악/댄스/가수],장범준,"940,000","360,780,000",504
583,[미분류],Louis Vuitton,"940,000","410,830,000",350
587,[키즈/어린이],POYO Music Official,"940,000","736,600,000","1,567"
586,[TV/방송],배꼽빌라,"940,000","342,240,000",493
585,[음식/요리/레시피],SOF,"940,000","357,240,000","1,523"
588,[미분류],지식한입,"930,000","82,080,000",88
589,[미분류],주부나라,"930,000","243,890,000",987
590,[뉴스/정치/사회],KBS 교양,"930,000","756,000,000","68,109"
591,[음식/요리/레시피],고기남자 MeatMan,"920,000","127,800,000",81
593,[미분류],밀라논나 Milanonna,"920,000","68,680,000",99
592,[미분류],토모토모TomoTomo,"920,000","166,630,000",154
594,[음악/댄스/가수],ALiEN,"920,000","194,040,000",285
595,[영화/만화/애니],뭅뭅,"920,000","416,840,000","3,224"
597,[해외],Variety,"910,000","449,660,000","4,415"
596,[패션/미용],Saerom Min개코의 오픈스튜디오,"910,000","119,390,000",176
599,[미분류],Family Kim 패밀리김,"910,000","125,370,000",220
598,[음악/댄스/가수],Official fromis_9,"910,000","306,740,000",661
600,[키즈/어린이],뚜아뚜지TV,"910,000","476,990,000","1,452"
602,[뉴스/정치/사회],한국경제TV,"910,000","259,110,000","52,634"
601,[BJ/인물/연예인],남순 NS,"910,000","951,500,000","3,580"
603,[미분류],하음쿠킹 Haeum Cooking,"910,000","148,420,000",61
605,[음악/댄스/가수],MBC every1,"910,000","1,004,600,000","16,285"
604,[뉴스/정치/사회],가로세로연구소,"910,000","640,120,000","3,666"
606,[TV/방송],fantagio 판타지오,"900,000","244,490,000",256
607,[게임],마재TV,"900,000","713,350,000","4,118"
608,[게임],T1,"900,000","268,190,000","2,638"
609,[미분류],Tennis TV,"900,000","788,740,000","5,396"
610,[키즈/어린이],Boram Tube Friends,"900,000","7,340,000",73
611,[BJ/인물/연예인],띠미 ddimmi,"900,000","369,800,000",788
613,[미분류],굿라이프,"890,000","120,510,000","1,319"
612,[TV/방송],Zaty Farhani,"890,000","1,064,140,000","2,093"
614,[키즈/어린이],주니토니 동요동화 - 키즈캐슬,"890,000","782,430,000",772
615,[국내/해외/여행],Sophie Kim _하은,"890,000","28,380,000",116
616,[미분류],랄로,"890,000","362,970,000",385
617,[미분류],1분만,"890,000","346,240,000",393
618,[게임],돼지저금통,"880,000","1,573,090,000","4,837"
620,[영화/만화/애니],LICO TV,"880,000","132,400,000",202
619,[TV/방송],덕출 : DCTVGO,"880,000","319,400,000",479
624,[미분류],Jin & Juice,"880,000","171,130,000",248
623,[미분류],고누리,"880,000","390,040,000",660
622,[뉴스/정치/사회],엠빅뉴스,"880,000","1,938,780,000","4,297"
621,[패션/미용],윤쨔미 YoonCharmi,"880,000","239,370,000",340
625,[키즈/어린이],Robot Trains official,"880,000","664,430,000",744
627,[게임],군림보,"880,000","656,790,000","4,998"
626,[BJ/인물/연예인],긱블 Geekble,"880,000","242,840,000",364
628,[음악/댄스/가수],missA,"880,000","382,330,000",49
629,[BJ/인물/연예인],상해기SangHyuk,"870,000","217,580,000",427
630,[미분류],leeminho film,"870,000","14,730,000",21
632,[애완/반려동물],냥이아빠,"870,000","337,800,000",553
631,[BJ/인물/연예인],(MUTUBE)와꾸대장봉준,"870,000","829,750,000","7,608"
634,[미분류],미션 파서블,"870,000","129,290,000",133
633,[영화/만화/애니],DAZBEE official,"870,000","329,340,000",141
635,[미분류],Golden Disc Awards,"870,000","234,590,000",605
637,[미분류],BODA 보다,"860,000","458,520,000",932
636,[영화/만화/애니],구불,"860,000","268,130,000",233
638,[키즈/어린이],고고다이노 - GOGO DINO,"860,000","665,780,000",863
639,[미분류],KCON official,"860,000","150,120,000","1,869"
643,[미분류],deemd 딤디,"860,000","93,780,000",172
642,[TV/방송],KBS N,"860,000","1,553,150,000","14,012"
641,[TV/방송],김이브님 [kim eve],"860,000","633,130,000","2,836"
640,[게임],머독방송,"860,000","840,160,000","11,548"
644,[게임],테드TV,"860,000","819,680,000","2,371"
646,[미분류],랄랄ralral,"860,000","210,020,000",462
645,[미분류],이리오너라,"860,000","69,290,000","1,695"
648,[미분류],이재성 박사의 식탁보감,"850,000","76,920,000",297
647,[게임],GCL 지씨엘,"850,000","247,410,000",340
650,[주식/경제/부동산],부동산 읽어주는 남자,"850,000","96,230,000",677
649,[TV/방송],라이프타임,"850,000","330,160,000","1,722"
651,[미분류],짧은대본 ShortPaper,"850,000","248,920,000",192
656,[TV/방송],KBS 같이삽시다,"850,000","436,880,000","4,461"
655,[TV/방송],이라이라경 ravely,"850,000","304,090,000",423
654,[TV/방송],바바요 by iHQ,"850,000","729,900,000","6,085"
653,[패션/미용],Jella젤라,"850,000","64,320,000",208
652,[게임],연다,"850,000","582,000,000","2,047"
657,[취미/라이프],달려라치킨 Dalchi,"850,000","218,340,000",613
659,[음악/댄스/가수],HOLLAND,"840,000","30,270,000",28
658,[게임],Dorami,"840,000","212,470,000","1,128"
660,[교육/강의],라이브 아카데미,"840,000","81,520,000",564
661,[키즈/어린이],메카드 - MECARD OFFICIAL,"840,000","684,770,000","1,314"
662,[IT/기술/컴퓨터],1분과학,"840,000","81,740,000",64
663,[음악/댄스/가수],TSENT2008,"840,000","386,840,000",445
664,[뉴스/정치/사회],Newstapa,"840,000","269,830,000","3,892"
665,[뉴스/정치/사회],MTN 머니투데이방송,"840,000","869,770,000","61,310"
678,[미분류],땅콩 Peanut,"830,000","377,970,000",28
667,[TV/방송],핫소스,"830,000","39,090,000",24
666,[TV/방송],Megan Moon,"830,000","135,210,000",534
668,[TV/방송],TongTongCulture,"830,000","568,000,000","11,621"
670,[게임],김왼팔,"830,000","568,140,000","2,374"
669,[패션/미용],LeoJ Makeup,"830,000","144,960,000",282
673,[TV/방송],뉴스엔·NewsenTV·KOREA Entertainment news,"830,000","290,490,000","10,214"
672,[게임],울산큰고래 박성주,"830,000","668,610,000","3,318"
671,[영화/만화/애니],빨강도깨비,"830,000","345,930,000",360
675,[미분류],논리왕 전기,"830,000","107,510,000",87
674,[애완/반려동물],다흑,"830,000","542,800,000","2,546"
676,[음식/요리/레시피],서담 seodam,"830,000","159,920,000",306
677,[미분류],김대석 셰프TV,"830,000","112,260,000",406
679,[음악/댄스/가수],PARK JIHOON Official,"830,000","49,890,000",221
680,[게임],탁주 TV,"830,000","1,918,380,000","2,238"
682,[영화/만화/애니],람다람,"820,000","101,080,000",93
681,[주식/경제/부동산],E트렌드,"820,000","130,120,000","2,239"
683,[교육/강의],법륜스님의 희망세상만들기,"820,000","410,800,000",822
684,[음악/댄스/가수],• m i n a m o c h i •,"820,000","374,020,000",118
685,[키즈/어린이],로보카폴리 TV,"820,000","512,620,000","1,222"
688,[미분류],시니어전성시대,"820,000","136,250,000",264
687,[미분류],직업의모든것,"820,000","309,210,000",261
686,[음악/댄스/가수],OFFICIAL EPIK HIGH,"820,000","282,410,000",221
690,[TV/방송],KBS동물티비 : 애니멀포유 animal4u,"820,000","599,630,000","2,186"
689,[패션/미용],UNA 유나,"820,000","67,490,000",155
692,[음식/요리/레시피],THE BOB - 더 밥 스튜디오,"820,000","90,090,000",864
691,[미분류],임한올 Hanol Rim,"820,000","101,450,000",153
696,[음악/댄스/가수],Healing Meditation,"820,000","97,670,000",280
695,[국내/해외/여행],EBS 컬렉션 - 라이프스타일,"820,000","503,210,000","3,205"
694,[음식/요리/레시피],뽐뽐뽐,"820,000","70,320,000",222
693,[음악/댄스/가수],LJ Dance,"820,000","127,210,000","2,178"
697,[취미/라이프],Mimine Miniature 미미네 미니어처,"820,000","163,070,000",163
698,[애완/반려동물],속삭이는몽자,"810,000","211,520,000",490
699,[음악/댄스/가수],Jenny Yun,"810,000","120,690,000",554
704,[미분류],알간지Alganzi,"810,000","111,860,000",190
703,[미분류],스토리,"810,000","171,240,000",58
702,[미분류],TOP MEDIA,"810,000","196,730,000",527
701,[TV/방송],찬우살이,"810,000","31,530,000",178
700,[뉴스/정치/사회],전옥현 안보정론TV,"810,000","38,730,000",463
706,[음악/댄스/가수],wondergirls,"800,000","436,810,000",217
705,[BJ/인물/연예인],쿠쿠크루 - Cuckoo Crew,"800,000","525,760,000",778
707,[음식/요리/레시피],입질의추억TV jiminTV,"800,000","261,340,000",416
709,[미분류],육식맨 YOOXICMAN,"800,000","152,800,000",133
708,[TV/방송],히스토리,"800,000","540,680,000","2,113"
711,[미분류],메리니즈부엌Meliniskitchen,"800,000","139,510,000",155
710,[BJ/인물/연예인],요리왕비룡 Korean Food Cooking,"800,000","169,160,000",669
714,[미분류],호갱구조대,"800,000","185,790,000",108
713,[미분류],[윤이련]50년 요리비결,"800,000","225,670,000",396
712,[음악/댄스/가수],HEADLINER,"800,000","198,660,000",214
717,[키즈/어린이],ToyCheff,"800,000","382,060,000",462
716,[음악/댄스/가수],CL,"800,000","61,570,000",5
715,[패션/미용],areumsongee아름송이,"800,000","69,190,000",203
718,[BJ/인물/연예인],SUNBA선바,"800,000","1,077,430,000","2,459"
720,[TV/방송],걍밍경,"800,000","60,720,000",51
719,[TV/방송],Kyunghamin твоя корейская онни,"800,000","80,270,000",367
721,[TV/방송],타임스낵,"790,000","239,290,000",230
722,[음악/댄스/가수],PianiCast - 피아니캐스트,"790,000","224,040,000",108
723,[음악/댄스/가수],HYOLYN 효린,"790,000","178,380,000",150
725,[미분류],집밥 korean home cooking,"790,000","176,620,000",869
724,[TV/방송],KBS 1라디오,"790,000","339,530,000","14,824"
726,[미분류],[ASMR]nara_나라,"790,000","124,260,000",164
727,[미분류],복지마블TV [Welfare Marble],"790,000","93,090,000",355
730,[미분류],곽튜브KWAKTUBE,"790,000","150,110,000",235
729,[음악/댄스/가수],VICTON 빅톤,"790,000","188,410,000",797
728,[TV/방송],트래블튜브,"790,000","859,960,000","1,540"
732,[미분류],ROKSEAL,"780,000","95,920,000",113
731,[TV/방송],이환,"780,000","260,500,000",334
733,[미분류],정찬성 Korean Zombie,"780,000","168,230,000",185
734,[교육/강의],닥터프렌즈,"780,000","167,840,000",615
736,[키즈/어린이],리틀조이 LittleJoy,"780,000","220,990,000",182
735,[자동차],우파푸른하늘Woopa TV,"780,000","455,170,000","1,301"
737,[교육/강의],친절한 대학,"780,000","77,670,000",658
739,[음악/댄스/가수],BRANDNEW MUSIC,"780,000","315,980,000","1,332"
740,[음식/요리/레시피],허미노MINO,"780,000","308,220,000","1,822"
738,[미분류],랭킹스쿨 Ranking School,"780,000","467,890,000",800
741,[뉴스/정치/사회],서울의소리 Voice of Seoul,"770,000","413,580,000","10,329"
742,[패션/미용],Yoo's Beauty 희주,"770,000","23,230,000",106
745,[미분류],Bravo jamoasi,"770,000","161,500,000",112
743,[게임],김성회의 G식백과,"770,000","182,730,000",289
744,[TV/방송],STUDIO DIA 스튜디오 다이아,"770,000","208,600,000",537
747,[미분류],SISSEL,"770,000","26,180,000",182
746,[TV/방송],POWER MOVIE,"770,000","247,620,000",220
748,[BJ/인물/연예인],StimBoy스팀보이,"760,000","356,120,000",628
749,[TV/방송],김달,"760,000","276,200,000",767
752,[미분류],815머니톡,"760,000","234,070,000","3,839"
751,[뉴스/정치/사회],스브스뉴스 SUBUSUNEWS,"760,000","896,590,000","2,866"
750,[음악/댄스/가수],HyunA 현아 (Official YouTube Channel),"760,000","105,680,000",10
754,[TV/방송],LDF TV by lottedutyfree,"760,000","591,830,000","1,322"
753,[영화/만화/애니],UTZI웃지,"760,000","197,270,000",137
755,[뉴스/정치/사회],성제준,"760,000","321,170,000","1,400"
756,[자동차],김한용의 MOCAR,"750,000","389,350,000","1,493"
757,[미분류],천뚱TV,"750,000","99,050,000",64
758,[TV/방송],스튜디오 룰루랄라- studio lululala,"750,000","223,660,000",982
763,[미분류],과학드림 [Science Dream],"750,000","134,470,000",121
761,[미분류],과나gwana,"750,000","131,340,000",99
760,[애완/반려동물],솜이네 곰이탱이여우,"750,000","423,060,000","1,376"
759,[패션/미용],한별Hanbyul,"750,000","126,650,000",279
762,[미분류],할명수,"750,000","72,090,000",102
764,[음악/댄스/가수],Yuni Marimba 유니 마림바,"740,000","102,360,000",126
765,[음악/댄스/가수],MBC WORLD,"740,000","571,090,000","4,756"
767,[국내/해외/여행],Rirang OnAir,"740,000","96,590,000",185
766,[취미/라이프],Soy ASMR,"740,000","158,440,000",467
768,[뉴스/정치/사회],이봉규TV,"740,000","428,630,000","6,066"
769,[취미/라이프],공대생가족 GDSF,"740,000","316,640,000","1,229"
771,[BJ/인물/연예인],bobaepapa - 보배아빠,"740,000","345,760,000",380
770,[음악/댄스/가수],DKDKTV,"740,000","167,790,000","1,190"
773,[TV/방송],smile -wA-,"740,000","468,790,000","5,238"
772,[영화/만화/애니],Sechi,"740,000","256,150,000",317
775,[미분류],DAWN,"730,000","54,540,000",34
774,[음식/요리/레시피],인아짱 Inah Eats,"730,000","166,070,000","1,069"
776,[BJ/인물/연예인],케이,"730,000","523,570,000","3,195"
779,[미분류],[AmiAmi]아미아미,"730,000","174,360,000",431
778,[취미/라이프],이연LEEYEON,"730,000","54,820,000",218
777,[취미/라이프],Ouvir 오비르,"730,000","135,930,000",175
780,[뉴스/정치/사회],채널A 뉴스TOP10,"730,000","608,800,000","18,044"
782,[미분류],지피티,"730,000","191,260,000",822
781,[키즈/어린이],프리티에스더 PrettyEsther,"730,000","440,160,000",701
783,[미분류],조여사전성시대,"730,000","165,460,000",553
784,[미분류],SM STATION,"730,000","59,480,000",98
785,[미분류],나르앤나르시Nar.Couple,"720,000","101,560,000",199
789,[미분류],하알라,"720,000","198,180,000",239
788,[미분류],달리 [SBS 교양 공식채널],"720,000","242,930,000",455
787,[음악/댄스/가수],임창정,"720,000","256,340,000",314
786,[취미/라이프],DanoTV,"720,000","141,660,000",604
790,[음악/댄스/가수],B1A4 OFFICIAL +,"720,000","193,180,000",340
793,[미분류],요리용디 Yori Yongd,"720,000","378,240,000",233
794,[게임],밍모,"720,000","500,510,000","1,677"
792,[패션/미용],김습습Double Soup,"720,000","60,710,000",313
791,[게임],수탉,"720,000","380,420,000","1,477"
796,[교육/강의],BLACK DOOR,"720,000","101,500,000",452
797,[패션/미용],sunnydahye,"720,000","51,460,000",334
795,[게임],러꽃부부,"720,000","614,880,000","3,271"
799,[뉴스/정치/사회],펜앤드마이크TV,"720,000","533,180,000","11,943"
798,[교육/강의],입시덕후,"720,000","375,340,000",497
804,[미분류],BRUSH,"720,000","311,680,000",384
802,[키즈/어린이],코코몽 COCOMONG TV - Cartoon & Song For Kids,"720,000","899,510,000","1,236"
801,[패션/미용],yeondukong 연두콩,"720,000","54,560,000",230
800,[패션/미용],트윈데이 TWINDAY,"720,000","206,660,000",315
803,[키즈/어린이],지호토이TV JIHOTOY,"710,000","570,990,000","1,872"
805,[게임],Charming Jo 조매력,"710,000","219,320,000","1,323"
807,[음악/댄스/가수],Bigman,"710,000","58,090,000",64
806,[음식/요리/레시피],키미 Kimi,"710,000","50,700,000",89
809,[게임],스페셜솔져 - 모바일FPS,"710,000","15,040,000",137
808,[TV/방송],시미켄 TV,"710,000","95,920,000",95
811,[미분류],송슐랭 가이드 - SONGCHELIN GUIDE,"710,000","22,840,000",155
810,[미분류],지기TV,"710,000","197,150,000",824
812,[게임],LCK,"700,000","667,120,000","4,910"
814,[음식/요리/레시피],영자씨의 부엌Young-Ja's Kitchen,"700,000","171,870,000","1,115"
813,[키즈/어린이],애니한TV AnnieHanTV,"700,000","727,960,000","1,305"
818,[미분류],팩토리,"700,000","84,740,000",29
817,[미분류],뀨러기 [kkyuleogi],"700,000","195,050,000",283
816,[TV/방송],제이제이,"700,000","223,370,000",567
815,[BJ/인물/연예인],대륙남TV [clark tv],"700,000","366,740,000","3,095"
819,[영화/만화/애니],토킹톰앤프렌즈,"700,000","281,370,000",274
820,[TV/방송],MAXIM KOREA,"700,000","365,660,000","2,071"
822,[미분류],CU [씨유튜브],"700,000","25,990,000",325
821,[음식/요리/레시피],띠예,"700,000","87,950,000",41
825,[미분류],[에일리 OFFICIAL] aileemusic,"700,000","131,100,000",177
824,[미분류],유 퀴즈 온 더 튜브,"690,000","340,450,000","3,272"
823,[패션/미용],안다 ANDA,"690,000","48,100,000",210
828,[교육/강의],동심파괴,"690,000","250,000,000",550
826,[키즈/어린이],ToyMoon토이문,"690,000","263,390,000",251
829,[음악/댄스/가수],MBK Entertainment [Official],"690,000","412,120,000",417
827,[취미/라이프],김나영의 nofilterTV,"690,000","145,840,000",371
830,[키즈/어린이],간니닌니 다이어리,"690,000","691,140,000","2,005"
831,[패션/미용],헤이즐 Heizle,"690,000","76,860,000",312
833,[음악/댄스/가수],TEEN TOP Official,"690,000","204,100,000",792
832,[TV/방송],MBC 미스터리 : 심야괴담회 X 서프라이즈,"690,000","322,530,000","1,709"
834,[스포츠/운동],JK 아트사커 온라인,"690,000","312,250,000",512
838,[TV/방송],매미킴 TV,"690,000","200,390,000",327
835,[키즈/어린이],Ace Art 에이스 아트,"690,000","353,320,000",818
839,[영화/만화/애니],홍시네마,"690,000","236,190,000",185
837,[키즈/어린이],뽀로로 타요 장난감 놀이교실,"690,000","461,820,000",808
836,[음식/요리/레시피],윰댕(yum-cast),"690,000","520,360,000","3,242"
840,[음악/댄스/가수],SUGA - Topic,"680,000","85,490,000",20
841,[음악/댄스/가수],SonyToby,"680,000","72,610,000",110
842,[TV/방송],백만뷰,"680,000","517,180,000","9,348"
843,[뉴스/정치/사회],고성국TV,"680,000","154,190,000","1,494"
845,[TV/방송],tweety 트위티,"680,000","97,660,000",202
844,[BJ/인물/연예인],외질혜 (OzilTube),"680,000","325,560,000","1,216"
848,[뉴스/정치/사회],팩트TV NEWS,"680,000","680,170,000","23,244"
847,[미분류],이슈왕 TV,"680,000","418,830,000","1,367"
846,[교육/강의],Conversational Korean,"680,000","29,350,000",367
851,[미분류],KBS 레전드 케이팝,"680,000","503,020,000","10,805"
850,[TV/방송],나혼자산다 STUDIO,"680,000","258,610,000",358
849,[영화/만화/애니],CK Animation School_2016-2018,"680,000","223,290,000",698
853,[미분류],건나물TV,"670,000","250,790,000",473
852,[TV/방송],KBS Entertain: 깔깔티비,"670,000","1,021,830,000","5,572"
854,[미분류],꼰대희,"670,000","156,780,000",200
856,[패션/미용],会社員J,"670,000","142,210,000",460
855,[BJ/인물/연예인],김도고 Doggo Kim,"670,000","175,330,000",162
859,[미분류],바라던 바다,"670,000","288,670,000",519
858,[TV/방송],SIMI TV,"670,000","89,470,000",155
857,[취미/라이프],미니미니 MiniMini,"670,000","343,710,000",328
860,[미분류],집나간아들 Runaway Son,"670,000","217,860,000",431
861,[음식/요리/레시피],권회훈,"670,000","275,710,000","1,294"
863,[미분류],지식해적단,"670,000","56,840,000",77
862,[TV/방송],레바스튜디오,"670,000","329,060,000",472
864,[패션/미용],에바EVA,"670,000","99,380,000",284
866,[음악/댄스/가수],Weki Meki 위키미키,"660,000","140,360,000",281
865,[음악/댄스/가수],GIRL'S DAY,"660,000","259,670,000",150
869,[게임],Official Dopa,"660,000","335,330,000","1,331"
868,[BJ/인물/연예인],난쟁이성현,"660,000","124,450,000",511
867,[음식/요리/레시피],Team_SeikaTV(팀세이카),"660,000","139,980,000",118
871,[패션/미용],Q2HAN,"660,000","78,320,000",741
870,[TV/방송],Spinel CAM,"660,000","719,140,000","8,736"
873,[TV/방송],연예부장,"660,000","137,840,000",291
872,[영화/만화/애니],써리의 영상툰 SSULY TOON,"660,000","469,480,000",945
875,[패션/미용],아옳이,"660,000","130,780,000",185
874,[주식/경제/부동산],미래경제,"660,000","32,800,000","1,845"
877,[미분류],밉지않은 관종언니,"660,000","114,910,000",204
876,[미분류],방가네,"660,000","173,820,000",224
879,[스포츠/운동],강하나 스트레칭_stretching,"660,000","65,940,000",438
878,[IT/기술/컴퓨터],UNDERkg,"660,000","370,080,000","2,393"
880,[뉴스/정치/사회],YTN 돌았저 - 돌발영상/ 알고리줌/ 뉴있저,"660,000","381,570,000","3,523"
882,[음악/댄스/가수],조싀앤바믜 Josh & Bamui,"650,000","191,730,000",221
881,[패션/미용],새벽,"650,000","96,510,000",505
883,[음악/댄스/가수],정동원TV,"650,000","243,760,000",280
886,[게임],저라뎃 JUSTLIKETHAT,"650,000","683,450,000","3,273"
887,[미분류],조나단,"650,000","62,880,000",108
885,[패션/미용],Dear.Jerry제리,"650,000","44,900,000",173
884,[패션/미용],소윤Soyoon,"650,000","68,100,000",188
888,[취미/라이프],희철리즘Heechulism,"650,000","162,050,000",269
892,[뉴스/정치/사회],여수MBC Music+(Kpop&Trot),"650,000","410,300,000","13,512"
891,[TV/방송],PANGKICK 팡킥,"650,000","214,900,000",85
890,[패션/미용],도영도영이,"650,000","47,590,000",170
889,[게임],문호준,"650,000","451,600,000","1,199"
893,[미분류],깨방정,"650,000","230,600,000",464
894,[미분류],에버랜드 - EVERLAND,"650,000","205,100,000","2,174"
895,[주식/경제/부동산],단희TV,"650,000","80,050,000","1,103"
898,[미분류],단하나 DANHANA,"640,000","105,390,000",68
897,[음악/댄스/가수],BELLA&LUCAS 벨라앤루카스,"640,000","81,650,000",314
896,[뉴스/정치/사회],MediaVOP,"640,000","874,990,000","18,505"
899,[패션/미용],로즈하ROSEHA,"640,000","75,990,000",195
902,[미분류],근황올림픽,"640,000","335,650,000",310
901,[BJ/인물/연예인],풍자테레비,"640,000","297,600,000","1,831"
900,[패션/미용],Ha Neul오늘의 하늘,"640,000","109,100,000",325
904,[패션/미용],금강연화,"640,000","254,760,000",656
903,[게임],퀸톨 TV,"640,000","495,730,000","2,322"
905,[음식/요리/레시피],sini시니,"640,000","259,470,000",755
907,[음악/댄스/가수],다이아나Diana,"640,000","180,620,000","1,825"
906,[취미/라이프],딩가의 회전목마 DINGA,"640,000","77,310,000",174
909,[음식/요리/레시피],한식푸우 Korean food,"640,000","262,360,000","1,689"
908,[키즈/어린이],뿌직 PPUJIG,"640,000","515,180,000",465
912,[게임],유소나,"640,000","200,450,000",714
911,[게임],삼식,"640,000","229,250,000","1,959"
910,[패션/미용],LENA,"640,000","190,000",1
913,[미분류],이영지,"630,000","72,900,000",38
914,[취미/라이프],공구왕황부장,"630,000","147,930,000",515
916,[TV/방송],목포MBC 가요센터,"630,000","239,820,000","4,696"
915,[뉴스/정치/사회],[팟빵] 매불쇼,"630,000","243,790,000",977
918,[미분류],쿡피아 Cookpia,"630,000","95,620,000",181
917,[게임],강 지,"630,000","542,210,000","1,295"
921,[키즈/어린이],손오공,"630,000","659,020,000",808
920,[교육/강의],굉장한 실험실,"630,000","302,790,000",188
919,[영화/만화/애니],소개해주는 남자,"630,000","190,200,000",259
923,[미분류],McDonald's,"630,000","38,700,000",138
922,[음악/댄스/가수],lEtudel,"630,000","245,970,000","2,295"
925,[BJ/인물/연예인],깨박이,"630,000","359,400,000","1,245"
924,[취미],여락이들_,"630,000","155,900,000",361
927,[미분류],교양만두,"630,000","127,710,000",126
926,[TV/방송],NICKY니키,"630,000","212,780,000",756
928,[TV/방송],OCN,"630,000","616,040,000","12,470"
929,[키즈/어린이],지니어드벤쳐 GeniAdventure (공룡∙과학 Dinosaurs),"630,000","614,400,000",422
930,[음악/댄스/가수],성시경 SUNG SI KYUNG,"630,000","192,950,000",218
931,[게임],개리형,"620,000","347,570,000",597
932,[BJ/인물/연예인],예씨 yessii,"620,000","436,450,000",907
935,[미분류],Wolves,"620,000","149,330,000","2,173"
934,[게임],진호,"620,000","357,140,000","2,657"
933,[음식/요리/레시피],맛상무,"620,000","245,520,000","1,335"
936,[TV/방송],Rio y Christian,"620,000","55,040,000",296
945,[미분류],ASMR Boyoung 반보영,"620,000","104,500,000",180
938,[미분류],캡틴 파추호 Captain PaChuHO,"620,000","41,000,000",62
937,[키즈/어린이],버섯도리,"620,000","756,760,000",690
939,[미분류],버미쌤,"620,000","136,120,000",266
944,[패션/미용],골근위수영뷰티아카데미,"620,000","440,960,000",467
943,[뉴스/정치/사회],이재명,"620,000","112,160,000","1,557"
942,[뉴스/정치/사회],CBS 김현정의 뉴스쇼,"620,000","272,440,000","12,206"
941,[게임],눈쟁이,"620,000","268,130,000","2,262"
940,[취미/라이프],여정을떠난여정,"620,000","144,140,000",289
946,[음식/요리/레시피],창배먹방 chang_bae,"620,000","281,510,000","1,412"
948,[TV/방송],tvN insight,"610,000","221,830,000","1,922"
947,[TV/방송],코미꼬,"610,000","173,620,000",484
950,[TV/방송],Ripple_S,"610,000","340,060,000",847
949,[미분류],춤추는곰돌,"610,000","332,700,000","2,476"
952,[음식/요리/레시피],바다곰 조해웅Seabear,"610,000","140,420,000",438
951,[게임],코아 TV,"610,000","506,600,000","1,249"
954,[미분류],로하Roha,"610,000","94,240,000",145
953,[게임],JUNE,"610,000","737,530,000","1,444"
956,[미분류],코믹마트,"610,000","241,720,000",350
955,[음악/댄스/가수],FTISLAND (FT아일랜드),"610,000","160,020,000",150
959,[뉴스/정치/사회],국방TV,"610,000","579,500,000","11,742"
958,[TV/방송],drighk fancam 2015,"610,000","20,790,000",222
957,[게임],자몽티비,"610,000","627,640,000","2,315"
962,[TV/방송],Olive,"610,000","690,970,000","17,112"
961,[TV/방송],코니tv conitv,"610,000","111,220,000",569
960,[미분류],영기티비,"610,000","107,880,000",245
967,[미분류],앗무만 ATMUMAN,"610,000","66,100,000",45
966,[미분류],Everton Football Club,"610,000","173,770,000","2,758"
965,[미분류],LunLuns,"610,000","209,240,000",288
964,[TV/방송],KBS역사저널 그날,"610,000","224,720,000","2,754"
963,[뉴스/정치/사회],쓸모왕,"610,000","514,200,000",861
968,[TV/방송],티키틱 TIKITIK,"600,000","141,490,000",158
969,[미분류],강쉪,"600,000","140,510,000",734
970,[뉴스/정치/사회],연합뉴스 Yonhapnews,"600,000","1,520,890,000","30,335"
971,[미분류],Melon 멜론,"600,000","94,100,000",325
972,[미분류],천재견 사월이sawol,"600,000","144,410,000",160
973,[게임],임선비,"600,000","307,380,000","1,065"
976,[음식/요리/레시피],정육왕 MeatCreator,"600,000","150,060,000",505
975,[IT/기술/컴퓨터],테크몽 Techmong,"600,000","97,440,000",337
974,[게임],형독방송,"600,000","572,950,000","1,915"
979,[미분류],정라레_Lifestyle Doctor,"600,000","88,310,000",332
978,[게임],서넹,"600,000","229,830,000","2,994"
977,[취미/라이프],ConCorea TV,"600,000","15,410,000",635
980,[TV/방송],KBS여행 걸어서 세계속으로,"600,000","199,000,000","10,489"
981,[미분류],빠더너스 BDNS,"590,000","185,520,000",460
983,[미분류],먹보스 쭈엽이,"590,000","94,660,000",73
982,[미분류],성창경 TV,"590,000","543,850,000","10,328"
984,[음식/요리/레시피],앵쩡TV,"590,000","110,220,000",326
989,[미분류],TY TRACK,"590,000","3,020,000",5
985,[음악/댄스/가수],TVXQ!,"590,000","58,240,000",89
994,[미분류],땡깡DanceKang,"590,000","207,400,000",153
988,[미분류],드립팩토리 [Dlib Factory],"590,000","231,350,000",246
987,[음악/댄스/가수],DanalEntertainment,"590,000","319,040,000","10,165"
986,[키즈/어린이],Troom Troom Kr,"590,000","417,140,000","2,138"
993,[뉴스/정치/사회],[공식] 새날,"590,000","404,430,000","6,739"
992,[게임],[ALTUBE] 김성현TV,"590,000","472,710,000","2,140"
991,[TV/방송],씨그널V [ Signal V ],"590,000","215,740,000",624
990,[키즈/어린이],Clevr TV [클레버티비],"590,000","617,060,000","1,991"
996,[게임],TV대정령,"590,000","639,260,000","7,551"
995,[음식/요리/레시피],[Flower pig]꽃돼지,"590,000","211,450,000","1,356"
1001,[미분류],놀면서 배우는 심리학,"590,000","52,990,000",224
1000,[미분류],주둥이방송,"590,000","217,380,000","1,410"
999,[음악/댄스/가수],온스테이지ONSTAGE,"590,000","260,900,000","2,447"
998,[TV/방송],레이디액션,"590,000","365,130,000",428
